"type","value","source"
"hash_sha256","045C041354A6D6B47E91E1124A7DC77397C18E0695CCBC73F87B12A0A1079D46","public"
"hash_sha256","04BAE0045B86456D6000378A2E37D58B1FA617101543AD23BCEC862300B87BE3","public"
"hash_sha256","05C99F2C1A218CE4A985FD03A3A510C2EAF08EF4772F93EF4F2D5DA6CD9B86A1","public"
"hash_sha256","074D26B9B128BE8E4A77D73DCAC31307F28B0E8B8097622C02267BE349FE4B4F","public"
"hash_sha256","09793A85D372F044FE53C4B47C47049C6BC13D1141334727800B2E32E6D92342","public"
"hash_sha256","0E0A647B3156D430CD70AD5A430277DC99014D069940A64D9DB1ECD60CA00467","public"
"hash_sha256","17DB9D121FB3EB5033307FDB53DF67402BCBC9D8970F45D8142B78C83769B7AF","public"
"hash_sha256","1F568C2EAA8325BF7AFCF7A90F9595F8B601A085769A44C4FFA1CDFDD283594C","public"
"hash_sha256","28C3C50D115D2B8FFC7BA0A8DE9572FBE307907AAAE3A486AABD8C0266E9426F","public"
"hash_sha256","2F03B5D1081DFDE3D1296DACE404B362188B4A941530746D7B14711B42BC53AD","public"
"hash_sha256","31F49C74046CC61BF102F3B9F2CE06471B0372D794139325E71C2DACCA7BD00A","public"
"hash_sha256","351B8A0081FD9F5C35497F5183FB14AEF73C1AF75628AE689C9218689DB01CD9","public"
"hash_sha256","3A560CA66F61BA5DCEB6016703E0346FF8FE1144BD356A40F740149A2A878FE5","public"
"hash_sha256","4672FE8B37B71BE834825A2477D956E0F76F7D2016C194F1538139D21703FD6E","public"
"hash_sha256","4A97599FF5823166112D9221D0E824AF7896F6CA40CD3948EC129533787A3EA9","public"
"hash_sha256","58ED0431455A1D354369206A1197D1ACFCD3E0946CDC733BEE50573867FDA444","public"
"hash_sha256","5C697162527A468A52C9E7B7DC3257DAE4AE5142DB62257753969D47F1DB533E","public"
"hash_sha256","5CBC2AE758043BB58664C28F32136E9CADA50A8DC36C69670DDEF0A3EF6757D8","public"
"hash_sha256","5E2550D0B8F5E60F5413A2B87F57FDFD151035F1665D971585A27D46CCCF6572","public"
"hash_sha256","60AF8899B49013E9DEB1D5CAC58562D7ED12BFDA1187627E9D25714B26218F0D","public"
"hash_sha256","61D092E5C7C8200377A8BD9C10288C2766186A11153DCAA04AE9D1200DB7B1C5","public"
"hash_sha256","61F8224108602EB1F74CB525731C9937C2FFD9A7654CB0257624507C0FDB5610","public"
"hash_sha256","62971070D6A8B9FCA8A50B9CD8E91545BFCC2C2B6665F134C112081F54E6BF31","public"
"hash_sha256","6E4CA569AB809BA3545860D26180316366803C231A2E3A66B4906ADC5826A397","public"
"hash_sha256","71F773B4E9178DCEDD402C94FB9384AEA6312D8A93F95F3F9DC1249FD4933658","public"
"hash_sha256","7501623230EEF2F6125DCF5B5D867991BDF333D878706D77C1690B632195C3FF","public"
"hash_sha256","7D9F3701BF6F43AB84CE02CE4915DC0703504263DB2E1EB65F4F7C791565F731","public"
"hash_sha256","8251186B3196E3FEFB0DBFCF71DFCCC2C1CD66515686C9AF8A6FB48766C739C6","public"
"hash_sha256","888842BC1F6FCB354431919080858C623DEF305BED2214F11B93591859D4DEE2","public"
"hash_sha256","8E273E1E65B337AD8D3B2DEC6264ED90D1D0662BD04D92CBD02943A7E12DF95A","public"
"hash_sha256","91FCF70C1775DCAAAA4D3DE17D87D67976B0CEC9939DEDFB86F093AB388ED3B0","public"
"hash_sha256","958FF93E92EE8BED7819555603EA612F263C1B9C673566F5C506288B5318EFF8","public"
"hash_sha256","996C19855BC30012E310944DD72D87376F26FCE086C6F2CEF3CD421CCB0C59FE","public"
"hash_sha256","A5623B6A6F289BB328E4007385BDB1659407A9E825990A0FAAEF3625A2E782CF","public"
"hash_sha256","A760E28145620FCCD072A415031CEC4036FC09E8530C93D85F5D1509D62FE551","public"
"hash_sha256","B35DA0C1A515286A2B3021CF518140A59A63B470A9D611303304918BE9354D68","public"
"hash_sha256","B36C20C757C4780F89272CE224A29A5A61B62733367893574196DEBDE19383FE","public"
"hash_sha256","B3A512B9F4705D1947FBBBC42ACCDBD6BD95AF1B07CEC09D75AF501746FECDD5","public"
"hash_sha256","BE6E5CEDE4E6A8B807062DB211EB3E8825A6CC00D71DDF7BCD63971D76219A25","public"
"hash_sha256","D1CD8C4574C3290AE16BF4E718C5E89DADEF5B2FD4EEA2211A19A6180FF8EE5B","public"
"hash_sha256","D4F3D0446E08DBF1A7CCB6DA09E756FF75EAE3B04DAFE2C2A69D6919052D2EBF","public"
"hash_sha256","DF41085A8AA9EE9DA6A03DB08AD910B6EF5FCDC8FEE7EBB19744331C5E70C782","public"
"hash_sha256","E307D3E9B8DE59311C692B2AB0EE864F0D469066E041141D577B65B43A4B3FFA","public"
"hash_sha256","E668E30B4E111E16B4017CD49DD90C39F9988F8A44CD9CC16B95B7B451862B74","public"
"hash_sha256","E69491A61EBC4A9FFC17884063C69A5489A83DD6D71295B4216962A43242A6C8","public"
"hash_sha256","EB1CDF3118271D754CF0A1777652F83C3D11DC1F9A2B51E81E37602C43B47692","public"
"hash_sha256","EB587B2603DFC14B420865BB862FC905CB85FE7B4B5A781A19929FC2DA88EB34","public"
"hash_sha256","F09D7BE7D9E2AFE24A0B507F04A2DA6BDB3D5536C03B1267D8639CE69084701B","public"
"hash_sha256","F1DF43FE0F95DE6BADFB710827CDC7272E6654F108EF2CFCB2A01ACA089F0624","public"
"hash_sha256","F613966B6ED1F080AACBA005B1E48268EF662FFFDF9894382299645F42900848","public"
"hash_sha256","FDD4E0BB2A4475E4E44154D7BF29490DE98496553AF3C8807F999AB8B920263F","public"
"domain","advanceipscaner.com","public"
"domain","airbluefootgear.com","public"
"domain","ecologilives.com","public"
"domain","nodejs.org","public"
"domain","trycloudflare.com","public"
"url","http://162.55.47.21:8080/1742688720","public"
"url","http://45.61.136.228:8080/recaptha","public"
"url","http://64.95.10.95:8080/misteams","public"
"url","http://64.95.10.95:8080/recaptch","public"
"url","http://ebhmkoohccl45qesdbvrjqtyro2hmhkmh6vkyfyjjzfllm3ix72aqaid.onion","public"
"url","http://topsportracing.com/az10","public"
"url","http://topsportracing.com/wp-az","public"
"url","https://advanceipscaner.com/additional-check.html","public"
"url","https://airbluefootgear.com/wp-includes/images/xits.php","public"
"url","https://album-anthony-rn-submission.trycloudflare.com/25423565","public"
"url","https://apple-online.shop/ChromeSetup.exe","public"
"url","https://apple-online.shop/MSTeamsSetup.exe","public"
"url","https://apple-online.shop/MicrosoftEdgeSetup.exe","public"
"url","https://dc-broader-green-norwegian.trycloudflare.com/12341234","public"
"url","https://diff-beats-belize-chapter.trycloudflare.com/12341234","public"
"url","https://ecologilives.com/additional-check.html","public"
"url","https://forest-offensive-height-letters.trycloudflare.com/12341234","public"
"url","https://lcd-add-palace-switching.trycloudflare.com/12341234","public"
"url","https://metro-offset-imposed-behind.trycloudflare.com/ytjstast","public"
"url","https://microsoft-msteams.com/additional-check.html","public"
"url","https://microstteams.com/additional-check.html","public"
"url","https://nodejs.org/dist/v22.11.0/node-v22.11.0-win-x64.zip","public"
"url","https://phones-pichunter-businesses-drop.trycloudflare.com/12341234","public"
"url","https://pub-motorola-viking-charger.trycloudflare.com/12341234","public"
"url","https://santa-reflection-capitol-classifieds.trycloudflare.com/12341234","public"
"url","https://spa-step-hopkins-islands.trycloudflare.com/erfgtrtt","public"
"url","https://www.advanced-ip-scanner.com","public"
"url","hxxp://topsportracing.com/wp-25","public"
"hash_sha256","39539766AE8F5256E6F21D853B8B7EA8F003D29F6D7CD57D1ECB621DC2B97C89","riskiq"
"hash_sha256","A26F0A2DA63A838161A7D335AAA5E4B314A232ACC15DCABDB6F6DBEC63CDA642","riskiq"
"hash_sha256","C9920E995FBC98CD3883EF4C4520300D5E82BAB5D2A5C781E9E9FE694A43E82F","riskiq"
"ip","159.223.46.184","riskiq"
"ip","23.227.203.162","riskiq"
"ip","23.95.182.59","riskiq"
"ip","65.109.226.176","riskiq"
"ip","65.38.120.47","riskiq"
"domain","microsoft-msteams.com","riskiq"
"domain","topsportracing.com","riskiq"
